[
  {
    "WorkId": 1,
    "UserId": 2,
    "Content": "Удивительная работа! Мне очень понравилось.",
    "CommentDate": "2024-08-28T12:30:00"
  },
  {
    "WorkId": 1,
    "UserId": 3,
    "Content": "Хорошо, но в некоторых местах могло бы быть лучше.",
    "CommentDate": "2024-08-28T14:45:00"
  },
  {
    "WorkId": 2,
    "UserId": 2,
    "Content": "Не мой любимый автор, но молодец.",
    "CommentDate": "2024-08-29T09:00:00"
  }
]